review,label

정말 감동적이고 재미있었다,1
배우들의 연기가 훌륭했다,1
스토리가 탄탄하고 몰입감 있었다,1
다시 보고 싶은 영화였다,1
음악과 연출이 좋았다,1
시간 가는 줄 모르고 봤다,1
완성도가 매우 높은 영화였다,1
연출이 세련되고 멋있었다,1
캐릭터가 매력적이었다,1
스토리가 흥미로웠다,1
배우들의 케미가 좋았다,1
감정선이 잘 살아 있었다,1
몰입도가 높아서 좋았다,1
영상미가 뛰어났다,1
연출이 감각적이었다,1
전개가 깔끔하고 좋았다,1
기대 이상으로 좋았다,1
웃음과 감동이 함께 있었다,1
스토리가 신선했다,1
여운이 남는 영화였다,1
긴장감이 있어서 좋았다,1
캐릭터 설정이 좋았다,1
배우 연기가 자연스러웠다,1
완성도가 높아서 만족했다,1
스토리가 잘 짜여 있었다,1
연출과 음악이 잘 어울렸다,1
전반적으로 훌륭했다,1
재밌고 감동적이었다,1
시간이 아깝지 않았다,1
추천하고 싶은 영화다,1
정말 최고였다,1
재미있어서 또 보고 싶다,1
지루할 틈이 없었다,1
스토리가 깊이 있었다,1
감정 표현이 좋았다,1
배우들의 연기가 인상적이었다,1
연출이 뛰어나서 만족했다,1
스토리와 연출이 완벽했다,1
굉장히 인상적인 영화였다,1
몰입해서 끝까지 봤다,1
연출이 섬세하고 감동적이었다,1
스토리가 탄탄해서 끝까지 몰입했다,1
배우들의 감정 연기가 뛰어났다,1
음악과 분위기가 잘 어울렸다,1
전개가 빠르고 지루하지 않았다,1
캐릭터가 입체적이고 매력 있었다,1
영상미가 아름다워서 인상 깊었다,1
전체적으로 완성도가 높았다,1
감정선이 자연스럽게 이어졌다,1
스토리가 감동적이라 눈물이 났다,1
너무 지루하고 재미없었다,0
시간이 아까운 영화였다,0
스토리가 엉망이었다,0
연기가 어색해서 몰입이 안 됐다,0
억지 감동이라 별로였다,0
내용이 너무 뻔했다,0
전개가 느리고 지루했다,0
기대 이하의 작품이었다,0
완성도가 떨어졌다,0
스토리가 이해가 안 됐다,0
연출이 산만했다,0
배우 연기가 별로였다,0
재미가 전혀 없었다,0
시간 낭비였다,0
스토리가 빈약했다,0
캐릭터가 매력 없었다,0
연출이 어설펐다,0
지루해서 중간에 끄고 싶었다,0
긴장감이 전혀 없었다,0
내용이 지루했다,0
전개가 억지스러웠다,0
스토리가 단순했다,0
배우들의 연기가 부족했다,0
연출이 촌스러웠다,0
몰입이 안 됐다,0
전체적으로 별로였다,0
재미도 감동도 없었다,0
스토리가 늘어졌다,0
지루하고 답답했다,0
기대에 못 미쳤다,0
별로 추천하고 싶지 않다,0
내용이 허술했다,0
연출이 부족했다,0
배우 연기가 어색했다,0
스토리가 이상했다,0
보는 내내 지루했다,0
시간이 아깝게 느껴졌다,0
전개가 이해되지 않았다,0
전반적으로 실망스러웠다,0
완성도가 낮았다,0
스토리가 너무 허술해서 몰입이 안 됐다,0
연출이 어색하고 산만했다,0
배우 연기가 부자연스러웠다,0
전개가 느려서 지루했다,0
내용이 뻔하고 재미없었다,0
긴장감이 전혀 느껴지지 않았다,0
캐릭터가 매력이 없었다,0
전체적으로 실망스러운 작품이었다,0
시간이 아깝다는 생각이 들었다,0
전개가 너무 억지스러워서 별로였다,0
